lon,lat,shortdescription,equipmentno
-73.75540499924732,40.60399500168754,"('Street to platform', 'Street to platform')","('EL498', 'EL497')"
-73.78381700176453,40.71264566674404,"('Mezzanine to terminal', 'Mezzanine to Manhattan-bound platform', 'Street to mezzanine')","('EL433', 'EL432', 'EL431')"
-73.80109632298924,40.7020673762118,"('Mezzanine to E & J/Z platforms', 'Street to mezzanine')","('EL413', 'EL412')"
-73.80800471963833,40.70038242423,"('Mezzanine to platforms', 'Street to mezzanine', 'Street to mezzanine', 'Street to mezzanine')","('EL411', 'EL448X', 'EL449X', 'EL450X')"
-73.81701287135405,40.7028985528731,"('Street to mezzanine', 'Mezzanine to platform')","('EL409', 'EL408')"
-73.82579799906613,40.6859509987836,"('Mezzanine to platform', 'Street to mezzanine')","('EL463', 'EL462')"
-73.82812100059289,40.8524619995166,"('Mezzanine to platform', 'Street to mezzanine')","('EL122', 'EL121')"
-73.83003000262508,40.7595999991501,"('Street to platform',)","('EL414',)"
-73.83030100071032,40.6604760000495,"('Street to mezzanine', 'Street to mezzanine', 'Mezzanine to Far Rockaway-bound platform', 'Mezzanine to Far Rockaway-bound platform', 'Mezzanine to Manhattan-bound platform', 'Mezzanine to Manhattan-bound platform')","('EL490X', 'EL491X', 'EL492X', 'EL493X', 'EL494X', 'EL495X')"
-73.8303702709878,40.71403481957102,"('Mezzanine to Jamaica-bound platform', 'Street to mezzanine', 'Mezzanine to Manhattan-bound platform')","('EL435', 'EL434', 'EL436')"
-73.83591899965162,40.67209699917284,"('Street to platform',)","('EL489X',)"
-73.84451672012669,40.7215943095358,"('Mezzanine to Manhattan-bound platform', 'Mezzanine to Queens-bound platform', 'Street to mezzanine')","('EL439', 'EL438', 'EL437')"
-73.84638400151765,40.8695259996267,"('Street to Bronx-bound platform', 'Street to Manhattan-bound platform', 'Street to Manhattan-bound platform', 'Street to Bronx-bound platform')","('EL199', 'EL198', 'EL183', 'EL182')"
-73.85535900043564,40.85898499982011,"('Mezzanine to Bronx-bound platform', 'Mezzanine to Manhattan-bound platform', 'Street to mezzanine')","('EL138', 'EL137', 'EL136')"
-73.85736239521543,40.8931432413837,"('Mezzanine to Manhattan-bound platform', 'Mezzanine to Bronx-bound platform', 'Street to mezzanine')","('EL194', 'EL193', 'EL192')"
-73.86613410538703,40.87783938517202,"('Street to Bronx-bound platform', 'Street to Manhattan-bound platform', 'Street to Manhattan-bound platform', 'Street to Bronx-bound platform')","('EL199', 'EL198', 'EL183', 'EL182')"
-73.86748067850041,40.85719240916,"('Mezzanine to Bronx-bound platform', 'Mezzanine to Manhattan-bound platform', 'Street to mezzanine')","('EL138', 'EL137', 'EL136')"
-73.86952700103515,40.7491449994883,"('Overpass to Flushing-bound platform', 'Overpass to Manhattan-bound platform', 'Street to mezzanine & overpass')","('EL427', 'EL426', 'EL425')"
-73.87210600099675,40.67537699823936,"('Mezzanine to Queens-bound platform', 'Mezzanine to Manhattan-bound platform', 'Street to mezzanine')","('EL343', 'EL342', 'EL341')"
-73.87334609510884,40.841863041218,"('Street to Manhattan-bound platform', 'Street to Bronx-bound platform')","('EL160', 'EL159')"
-73.88713799889574,40.8732439986164,"('Mezzanine to Bronx-bound platform', 'Street to mezzanine', 'Mezzanine to Manhattan-bound platform')","('EL501', 'EL500', 'EL502')"
-73.89054900017344,40.820947998523,"('Mezzanine to Manhattan-bound platform', 'Mezzanine to Bronx-bound platform', 'Street to mezzanine')","('EL197', 'EL196', 'EL195')"
-73.8912051289911,40.74686757382911,"('Mezzanine to Manhattan-bound 7', 'Street to Queens-bound 7 & E/F/M/R/& mezzanines')","('EL423', 'EL420')"
-73.89129866519697,40.7465396911588,"('Mezzanine to Queens-bound E/F/M/R', 'Manhattan-bound E/F/M/R to E/F/M/R/7 mezzanines')","('EL422', 'EL421')"
-73.89306639507903,40.82397684123739,"('Street to Bronx-bound platform', 'Street to Manhattan-bound platform')","('EL127', 'EL128')"
-73.8935090000331,40.8669779999994,"('Mezzanine to Manhattan-bound platform', 'Mezzanine to Bronx-bound platform', 'Street to mezzanine')","('EL191', 'EL190', 'EL189')"
-73.89717400101743,40.86776000088579,"('Mezzanine to Manhattan-bound platform', 'Mezzanine to Bronx-bound platform', 'Street to mezzanine')","('EL191', 'EL190', 'EL189')"
-73.89774900102401,40.86129599868349,"('Mezzanine to Manhattan-bound platform', 'Mezzanine to Woodlawn-bound platform', 'Street to mezzanine')","('EL188', 'EL187', 'EL186')"
-73.90056237226057,40.6640572709464,"('Passageway to platform', 'Street to Platform via passage')","('EL772', 'EL771')"
-73.90103399921699,40.8628029998893,"('Mezzanine to Manhattan-bound platform', 'Mezzanine to Woodlawn-bound platform', 'Street to mezzanine')","('EL188', 'EL187', 'EL186')"
-73.90177778730917,40.8194872648384,"('Street to Brooklyn-bound platform', 'Street to Manhattan-bound platform')","('EL383', 'EL382')"
-73.90298400173006,40.74563000113839,"('Street to 7 & LIRR mezzanine', 'Mezzanine to Manhattan-bound platform', 'Mezzanine to Flushing-bound platform')","('EL415X', 'EL416X', 'EL417X')"
-73.90409799875945,40.812117998272,"('Street to mezzanine for southbound service', 'Street to mezzanine for northbound service')","('EL516', 'EL515')"
-73.90483400107873,40.8788559981793,"('Street to Bronx-bound platform', 'Street to Manhattan-bound platform')","('EL185', 'EL184')"
-73.9109757182647,40.69947106242713,"('Mezzanine to M platform', 'Mezzanine to L platform', 'Street to mezzanines')","('EL398', 'EL397', 'EL396')"
-73.91217899939602,40.6994540009083,"('Mezzanine to M platform', 'Mezzanine to L platform', 'Street to mezzanines')","('EL398', 'EL397', 'EL396')"
-73.91339999846983,40.8393059996415,"('Mezzanine to southbound service', 'Mezzanine to northbound service', 'Street to mezzanine')","('EL508', 'EL507', 'EL506')"
-73.91779099745928,40.84007499993,"('Mezzanine to southbound service', 'Mezzanine to northbound service', 'Street to mezzanine')","('EL508', 'EL507', 'EL506')"
-73.91779152760981,40.81602925251,"('Street to Manhattan-bound platform', 'Street to Bronx-bound platform')","('EL130', 'EL129')"
-73.91809500109238,40.7700369994908,"('Mezzanine to Manhattan-bound platform', 'Mezzanine to Astoria-bound platform', 'Street to mezzanine', 'Street to mezzanine')","('EL467', 'EL466', 'EL465', 'EL464')"
-73.91823200219723,40.7036929996164,"('Mezzanine to Brooklyn-bound platform', 'Mezzanine to Manhattan-bound platform', 'Street to mezzanine')","('EL372', 'EL371', 'EL370')"
-73.91989900100465,40.8680719999973,"('Mezzanine to platform', 'Street to mezzanine')","('EL149', 'EL148')"
-73.92553600006474,40.8605310013879,"('street to uptown', 'Street to downtown platform')","('EL179', 'EL178')"
-73.92565099775477,40.82790499884584,"('Mezzanine to Bronx-bound B/D', 'Mezzanine to Manhattan-bound B/D', 'Mezzanine to Manhattan-bound 4', 'B/D mezzanine to 4 train', 'Street to mezzanine')","('EL135', 'EL134', 'EL133', 'EL132', 'EL131')"
-73.92569199505733,40.8282303274216,"('Mezzanine to Bronx-bound B/D', 'Mezzanine to Manhattan-bound B/D', 'Mezzanine to Manhattan-bound 4', 'B/D mezzanine to 4 train', 'Street to mezzanine')","('EL135', 'EL134', 'EL133', 'EL132', 'EL131')"
-73.92727099960726,40.86549099896891,"('street to uptown', 'Street to downtown platform')","('EL179', 'EL178')"
-73.93072899914027,40.6793639995054,"('Mezzanine to Brooklyn-bound platform', 'Mezzanine to Manhattan-bound platform', 'Street to mezzanine')","('EL346', 'EL345', 'EL344')"
-73.93293256081851,40.668978311078,"('Mezzanine to platforms', 'Street to mezzanine')","('EL323', 'EL322')"
-73.93713823965695,40.7489177198632,"('Mezzanine to Queens-bound platform', 'Mezzanine to Manhattan-bound platform', 'Street to mezzanine')","('EL430', 'EL429', 'EL428')"
-73.93759400055725,40.80413800058724,"('Mezzanine to uptown platform', 'Mezzanine to downtown platform', 'Street to mezzanine', 'Mezzanine to platforms', 'Street to mezzanine')","('EL144', 'EL143', 'EL142', 'EL126', 'EL125')"
-73.93956099985425,40.8407189999079,"('Mezzanine to downtown A/C', 'Mezzanine to uptown A/C', 'Street to mezzanine')","('EL141', 'EL140', 'EL139')"
-73.93970399761596,40.847391000724,"('Mezzanine to platform', 'Street to mezzanine')","('EL124', 'EL123')"
-73.94013299907257,40.84055599914853,"('Mezzanine to downtown A/C', 'Mezzanine to uptown A/C', 'Street to mezzanine')","('EL141', 'EL140', 'EL139')"
-73.94049699874644,40.7115760006482,"('street to platform', 'street to platform')","('EL786', 'EL785')"
-73.94077000106708,40.814229000339,"('Street to downtown platform', 'Street to uptown platform')","('EL181', 'EL180')"
-73.94137734838365,40.7004044029811,"('Mezzanine to Manhattan-bound platform', 'Mezzanine to Queens-bound platform', 'Street to mezzanine')","('EL395', 'EL394', 'EL393')"
-73.94193761457447,40.7537392708755,"('Mezzanine to Jamaica-bound platform', 'Mezzanine to Manhattan-bound platform', 'Street to mezzanine')","('EL407', 'EL406', 'EL405')"
-73.94526400039679,40.7470229988964,"('mezzanine to platform', 'Street to mezzanine', 'Mezzanine to Manhattan-bound 7', 'Mezzanine to Flushing-bound 7')","('EL469', 'EL446', 'EL447', 'EL445X')"
-73.94549500011411,40.80775399918281,"('Mezzanine to uptown platform', 'Mezzanine to downtown platform', 'Street to mezzanine', 'Mezzanine to platforms', 'Street to mezzanine')","('EL144', 'EL143', 'EL142', 'EL126', 'EL125')"
-73.94605470266329,40.74776812141432,"('Street to Manhattan-bound platform',)","('EL482X',)"
-73.9470660219183,40.78423665017765,"('Street to uptown platform', 'Street to downtown platform', 'Street to mezzanine', 'Mezzanine to downtown platform')","('EL146', 'EL145', 'EL248', 'EL247')"
-73.94753480879213,40.81790555921267,"('Street to downtown platform', 'Street to uptown platform')","('EL181', 'EL180')"
-73.94754120734406,40.6328424070074,"('Street to platform',)","('EL319',)"
-73.94945514035334,40.650860687802,"('Street to Brooklyn-bound platform', 'Street to Manhattan-bound platform', 'Mezzanine to Brooklyn-bound platform', 'Mezzanine to Manhattan-bound platform', 'Street to mezzanine')","('EL321', 'EL320', 'EL375', 'EL374', 'EL373')"
-73.9502340010257,40.7003766662215,"('Mezzanine to Manhattan-bound platform', 'Mezzanine to Queens-bound platform', 'Street to mezzanine')","('EL395', 'EL394', 'EL393')"
-73.9510700015425,40.785671999986,"('Street to uptown platform', 'Street to downtown platform', 'Street to mezzanine', 'Mezzanine to downtown platform')","('EL146', 'EL145', 'EL248', 'EL247')"
-73.95177090964917,40.7778610433316,"('Mezzanine to platform', 'Street to mezzanine', 'Street to uptown 6', 'Street to mezzanine', 'Mezzanine to platform')","('EL746', 'EL745', 'EL273', 'EL250', 'EL249')"
-73.95224799734774,40.81107167299456,"('Mezzanine to uptown platform', 'Mezzanine to downtown platform', 'Street to mezzanine', 'Mezzanine to platforms', 'Street to mezzanine')","('EL144', 'EL143', 'EL142', 'EL126', 'EL125')"
-73.95323499978866,40.759171999671,"('Street to Jamaica-bound platform', 'Street to Manhattan-bound platform')","('EL404', 'EL403')"
-73.95442500146235,40.7312669997146,"('Mezzanine to Brooklyn-bound platform', 'Mezzanine to Queens-bound platform', 'Street to mezzanine')","('EL765', 'EL764', 'EL763')"
-73.95558899985132,40.7794919982095,"('Mezzanine to platform', 'Street to mezzanine', 'Street to uptown 6', 'Street to mezzanine', 'Mezzanine to platform')","('EL746', 'EL745', 'EL273', 'EL250', 'EL249')"
-73.95666499806525,40.7171739985889,"('Mezzanine to platform', 'Street to mezzanine')","('EL358', 'EL359')"
-73.95684800014614,40.6813796665874,"('Footbridge to Manhattan-bound C', 'Street to Euclid-bound C & S')","('EL340', 'EL339')"
-73.95760873538083,40.608638645396,"('Street to Brooklyn-bound platform', 'Street to Manhattan-bound platform')","('EL761', 'EL760')"
-73.95783200075729,40.70838300001792,"('Street to Queens-bound platform', 'Street to Manhattan-bound platform')","('EL392', 'EL391')"
-73.9580997367769,40.6707651534489,"('Footbridge to Manhattan-bound C', 'Street to Euclid-bound C & S')","('EL340', 'EL339')"
-73.95836178682246,40.7688025101489,"('Street to mezzanine', 'Street to mezzanine', 'Street to mezzanine', 'Street to mezzanine', 'Street to mezzanine', 'Mezzanine to platform', 'Street to downtown platform', 'Street to uptown platform')","('EL267', 'EL266', 'EL265', 'EL264', 'EL262', 'EL259', 'EL240', 'EL239')"
-73.95837200097044,40.81558099997893,"('Mezzanine to uptown platform', 'Mezzanine to downtown platform', 'Street to mezzanine', 'Mezzanine to platforms', 'Street to mezzanine')","('EL144', 'EL143', 'EL142', 'EL126', 'EL125')"
-73.96288246192114,40.6504932464648,"('Street to Brooklyn-bound platform', 'Street to Manhattan-bound platform', 'Mezzanine to Brooklyn-bound platform', 'Mezzanine to Manhattan-bound platform', 'Street to mezzanine')","('EL321', 'EL320', 'EL375', 'EL374', 'EL373')"
-73.96422203748425,40.6720322354592,"('Mezzanine to Brooklyn-bound platform', 'Mezzanine to Manhattan-bound platform', 'Street to mezzanine')","('EL757', 'EL756', 'EL755')"
-73.96460245687166,40.7916187976701,"('Street to uptown platform', 'Street to downtown platform', 'Street to mezzanine', 'Mezzanine to downtown platform')","('EL146', 'EL145', 'EL248', 'EL247')"
-73.96608964413245,40.7646180944237,"('Street to mezzanine', 'Mezzanine to platforms', 'Mezzanine to platforms', 'Mezzanine to platforms', 'Mezzanine to platforms', 'Mezzanine to platforms', 'Street to mezzanine')","('EL444', 'EL443', 'EL442', 'EL441', 'EL440', 'EL402', 'EL401')"
-73.96882849429672,40.7858230467855,"('Mezzanine to platform', 'Street to mezzanine', 'Street to uptown 6', 'Street to mezzanine', 'Mezzanine to platform')","('EL746', 'EL745', 'EL273', 'EL250', 'EL249')"
-73.96907237490204,40.7574683078286,"('Mezzanine to E/M platform',)","('EL245',)"
-73.97192000069982,40.7571069998931,"('Underpass to downtown 6', 'Mezzanine to downtown 6 underpass', 'Street to mezzanine')","('EL202', 'EL201', 'EL203X')"
-73.97232299915696,40.7939190012147,"('Street to uptown platform', 'Street to downtown platform', 'Street to mezzanine', 'Mezzanine to downtown platform')","('EL146', 'EL145', 'EL248', 'EL247')"
-73.9723553085244,40.60325840512826,"('Street to Brooklyn-bound platform', 'Street to Manhattan-bound platform')","('EL761', 'EL760')"
-73.9752569782215,40.6207316231678,"('Mezzanine to Coney Island-bound platform', 'Mezzanine to Manhattan-bound platform', 'Street to mezzanine')","('EL378', 'EL377', 'EL376')"
-73.97537499833149,40.6871189995077,"('2/3 platform to mezzanine ', 'Brooklyn-bound J/Z to A/C platform', 'Brooklyn-bound J/Z to A/C platform', 'Street to 2/3 mezzanine', 'Street to Broad St-bound J/Z', 'Broad St-bound J/Z to A/C platform', 'Mezzanine to uptown 4/5 & Brooklyn-bound J/Z', 'Street to downtown 4/5 & mezzanines', 'Street to uptown 4/5 & mezzanine', 'Mezzanine to downtown 4/5', 'Street to uptown 4/5')","('EL732', 'EL721', 'EL720', 'EL723', 'EL722', 'EL719', 'EL716', 'EL728X', 'EL717X', 'EL729X', 'EL718X')"
-73.97604100111508,40.75143100028686,"('Street to mezzanine', 'Mezzanine to uptown 4/5/6', 'Mezzanine to downtown 4/5/6', 'Mezzanine to Shuttle platform', 'Street to mezzanine', 'Street to mezzanine', 'Mezzanine to 7 platform')","('EL204', 'EL206', 'EL205', 'EL607X', 'EL608X', 'EL296', 'EL244')"
-73.97621799859327,40.7886440007389,"('Mezzanine to platform', 'Street to mezzanine', 'Street to uptown 6', 'Street to mezzanine', 'Mezzanine to platform')","('EL746', 'EL745', 'EL273', 'EL250', 'EL249')"
-73.976336575218,40.7755193972925,"('Street to mezzanine', 'Street to mezzanine', 'Street to mezzanine', 'Street to mezzanine', 'Street to mezzanine', 'Mezzanine to platform', 'Street to downtown platform', 'Street to uptown platform')","('EL267', 'EL266', 'EL265', 'EL264', 'EL262', 'EL259', 'EL240', 'EL239')"
-73.9767132992584,40.7518074298163,"('Street to mezzanine', 'Mezzanine to uptown 4/5/6', 'Mezzanine to downtown 4/5/6', 'Mezzanine to Shuttle platform', 'Street to mezzanine', 'Street to mezzanine', 'Mezzanine to 7 platform')","('EL204', 'EL206', 'EL205', 'EL607X', 'EL608X', 'EL296', 'EL244')"
-73.97736800085171,40.7640850008171,"('Street to mezzanine', 'Mezzanine to northbound platform', 'Mezzanine to southbound platform')","('EL604', 'EL283', 'EL282')"
-73.97918899989101,40.7527686667421,"('Street to mezzanine', 'Mezzanine to uptown 4/5/6', 'Mezzanine to downtown 4/5/6', 'Mezzanine to Shuttle platform', 'Street to mezzanine', 'Street to mezzanine', 'Mezzanine to 7 platform')","('EL204', 'EL206', 'EL205', 'EL607X', 'EL608X', 'EL296', 'EL244')"
-73.97972116229084,40.6442720001299,"('Street to Brooklyn-bound platform', 'Street to Manhattan-bound platform', 'Mezzanine to Brooklyn-bound platform', 'Mezzanine to Manhattan-bound platform', 'Street to mezzanine')","('EL321', 'EL320', 'EL375', 'EL374', 'EL373')"
-73.98037300229343,40.6040589998049,"('Street to Brooklyn-bound platform', 'Street to Manhattan-bound platform')","('EL761', 'EL760')"
-73.98072973372128,40.7645655250182,"('Street to mezzanine', 'Mezzanine to northbound platform', 'Mezzanine to southbound platform')","('EL604', 'EL283', 'EL282')"
-73.9812359981396,40.5772810000675,"('Overpass to D platform', 'N platform to D overpass')","('EL702', 'EL701')"
-73.98133100227702,40.7586410015981,"('Mezzanine to downtown platform', 'Mezzanine to uptown platform', 'Street to mezzanine')","('EL236', 'EL235', 'EL234')"
-73.98164872301398,40.76824953177606,"('Street to downtown 1 & A/B/C/D mezzanine', 'Street to uptown 1 & A/B/C/D', 'Uptown 1 to uptown A/B/C/D', 'Mezzanine to uptown A/B/C/D', 'Mezzanine to downtown platforms')","('EL276X', 'EL280', 'EL279', 'EL278', 'EL277')"
-73.98168087489128,40.7309749758006,"('Street to Brooklyn-bound platform', 'Street to 8 Av-bound platform')","('EL293', 'EL292')"
-73.98177094440949,40.69064811996979,"('Mezzanine to Brooklyn-bound platform', 'Mezzanine to Manhattan-bound platform', 'Street to mezzanine')","('EL372', 'EL371', 'EL370')"
-73.98178001069293,40.61145578989,"('Mezzanine to Coney Island-bound platform', 'Mezzanine to Manhattan-bound platform', 'Street to mezzanine')","('EL378', 'EL377', 'EL376')"
-73.98192900232715,40.7682470006368,"('Street to downtown 1 & A/B/C/D mezzanine', 'Street to uptown 1 & A/B/C/D', 'Uptown 1 to uptown A/B/C/D', 'Mezzanine to uptown A/B/C/D', 'Mezzanine to downtown platforms')","('EL276X', 'EL280', 'EL279', 'EL278', 'EL277')"
-73.98197000159583,40.7784530006861,"('Street to mezzanine', 'Street to mezzanine', 'Street to mezzanine', 'Street to mezzanine', 'Street to mezzanine', 'Mezzanine to platform', 'Street to downtown platform', 'Street to uptown platform')","('EL267', 'EL266', 'EL265', 'EL264', 'EL262', 'EL259', 'EL240', 'EL239')"
-73.98220899995783,40.7734400005203,"('Street to uptown platform', 'Street to downtown platform')","('EL237', 'EL238')"
-73.98384899986625,40.7617279996141,"('Street to downtown C', 'Downtown C to downtown E')","('EL207X', 'EL208X')"
-73.98420956591096,40.75980197387069,"('Street to uptown platform',)","('EL268X',)"
-73.98426400110407,40.74306999925903,"('Street to downtown platform',)","('EL279X',)"
-73.98598400026407,40.7624559992599,"('Street to downtown C', 'Downtown C to downtown E')","('EL207X', 'EL208X')"
-73.98605667854612,40.6922553964532,"('Mezzanine to Brooklyn-bound A/C/F', 'Mezzanine to Manhattan-bound A/C/F', 'Street to mezzanine', 'Mezzanine to R platform')","('EL708', 'EL707', 'EL706', 'EL709')"
-73.98622899953202,40.75598300057007,"('Mezzanine to downtown N/Q/R/W', 'Street to mezzanine', 'Street to mezzanine', 'Mezzanine to uptown 1/2/3', 'Mezzanine to 7 & downtown 1/2/3', 'Mezzanine to uptown N/Q/R/W')","('EL229', 'EL619', 'EL231X', 'EL233', 'EL232', 'EL230')"
-73.98659900207888,40.7398640004746,"('Street to downtown platform', 'Street to uptown platform')","('EL299', 'EL298')"
-73.98676800153976,40.7546119985154,"('Mezzanine to downtown N/Q/R/W', 'Street to mezzanine', 'Street to mezzanine', 'Mezzanine to uptown 1/2/3', 'Mezzanine to 7 & downtown 1/2/3', 'Mezzanine to uptown N/Q/R/W')","('EL229', 'EL619', 'EL231X', 'EL233', 'EL232', 'EL230')"
-73.98721815267317,40.69247063684708,"('Mezzanine to Brooklyn-bound A/C/F', 'Mezzanine to Manhattan-bound A/C/F', 'Street to mezzanine', 'Mezzanine to R platform')","('EL708', 'EL707', 'EL706', 'EL709')"
-73.98749500051885,40.7552899999568,"('Mezzanine to downtown N/Q/R/W', 'Street to mezzanine', 'Street to mezzanine', 'Mezzanine to uptown 1/2/3', 'Mezzanine to 7 & downtown 1/2/3', 'Mezzanine to uptown N/Q/R/W')","('EL229', 'EL619', 'EL231X', 'EL233', 'EL232', 'EL230')"
-73.98769099825152,40.7554770019825,"('Mezzanine to downtown N/Q/R/W', 'Street to mezzanine', 'Street to mezzanine', 'Mezzanine to uptown 1/2/3', 'Mezzanine to 7 & downtown 1/2/3', 'Mezzanine to uptown N/Q/R/W')","('EL229', 'EL619', 'EL231X', 'EL233', 'EL232', 'EL230')"
-73.98777189072918,40.7497893999001,"('Street to mezzanine', 'Mezzanine to uptown N/Q/R/W platform', 'Mezzanine to downtown N/Q/R/W', 'Mezzanine to uptown B/D/F/M', 'Mezzanine to downtown B/D/F/M')","('EL213', 'EL212', 'EL211', 'EL210', 'EL209')"
-73.9879368338264,40.7496445600944,"('Street to mezzanine', 'Mezzanine to uptown N/Q/R/W platform', 'Mezzanine to downtown N/Q/R/W', 'Mezzanine to uptown B/D/F/M', 'Mezzanine to downtown B/D/F/M')","('EL213', 'EL212', 'EL211', 'EL210', 'EL209')"
-73.98869800128737,40.7454539997995,"('Street to downtown platform',)","('EL279X',)"
-73.98934400102907,40.7413026672,"('Street to downtown platform', 'Street to uptown platform')","('EL299', 'EL298')"
-73.98973500085859,40.7573079985515,"('Landing to mezzanine', 'Street to intermediate landing', 'Bus terminal to subway', 'Bus terminal to subway')","('EL290X', 'EL291X', 'EL288X', 'EL289X')"
-73.98995099881881,40.73467300099612,"('Mezzanine to downtown N/Q/R/W', 'Mezzanine to uptown N/Q/R/W', 'Mezzanine to L platform', 'Street to mezzanine')","('EL220', 'EL219', 'EL218', 'EL217')"
-73.98999799960687,40.69321899961108,"('Mezzanine to 2/3 and Manhattan-bound 4/5', 'Street to 2/3 & Manhattan-bound 4/5 ')","('EL318', 'EL317')"
-73.99015100090539,40.69240399999103,"('Mezzanine to 2/3 and Manhattan-bound 4/5', 'Street to 2/3 & Manhattan-bound 4/5 ')","('EL318', 'EL317')"
-73.99053886181645,40.7358722669981,"('Mezzanine to downtown N/Q/R/W', 'Mezzanine to uptown N/Q/R/W', 'Mezzanine to L platform', 'Street to mezzanine')","('EL220', 'EL219', 'EL218', 'EL217')"
-73.99066976901818,40.7347633121792,"('Mezzanine to downtown N/Q/R/W', 'Mezzanine to uptown N/Q/R/W', 'Mezzanine to L platform', 'Street to mezzanine')","('EL220', 'EL219', 'EL218', 'EL217')"
-73.99105699913983,40.7503730000394,"('Uptown C/E to mezzanine', 'Street to uptown C/E', 'Mezzanine to downtown C/E', 'Mezzanine to A platform', 'Penn Station concourse to 2/3', 'Mezzanine to uptown 1', 'Mezzanine to downtown 1', 'street to concourse', 'street to concourse')","('EL226', 'EL225', 'EL228', 'EL227', 'EL215', 'EL214', 'EL216', 'EL618', 'EL34X')"
-73.99276500471389,40.742954317826,"('Street to downtown platform', 'Street to uptown platform')","('EL299', 'EL298')"
-73.99287200067424,40.6654136671297,"('Street to Brooklyn-bound platform', 'Street to Manhattan-bound platform')","('EL383', 'EL382')"
-73.99336500134324,40.7472149991821,"('Street to downtown platform',)","('EL279X',)"
-73.99339099970578,40.75228700077589,"('Uptown C/E to mezzanine', 'Street to uptown C/E', 'Mezzanine to downtown C/E', 'Mezzanine to A platform', 'Penn Station concourse to 2/3', 'Mezzanine to uptown 1', 'Mezzanine to downtown 1', 'street to concourse', 'street to concourse')","('EL226', 'EL225', 'EL228', 'EL227', 'EL215', 'EL214', 'EL216', 'EL618', 'EL34X')"
-73.9936762000529,40.60195046157231,"('Mezzanine to Coney Island-bound platform', 'Mezzanine to Manhattan-bound platform', 'Street to mezzanine')","('EL378', 'EL377', 'EL376')"
-73.99375299913589,40.7182669995499,"('street to platform', 'street to platform')","('EL786', 'EL785')"
-73.9946587805514,40.63626089096139,"('Street to downtown C', 'Downtown C to downtown E')","('EL207X', 'EL208X')"
-73.99465900006331,40.7259146668265,"('Uptown 6 to downtown B/D/F/M', 'Uptown 6 to uptown B/D/F/M', 'Downtown 6 to downtown B/D/F/M', 'Downtown 6 to uptown B/D/F/M', 'Street to downtown 6')","('EL332', 'EL331', 'EL330', 'EL329', 'EL328')"
-73.9956570016487,40.7440809998975,"('Street to downtown platform', 'Street to uptown platform')","('EL299', 'EL298')"
-73.99620899921355,40.7382279996951,"('Mezzanine to uptown A/C/E', 'Mezzanine to downtown A/C/E', 'Street to mezzanine')","('EL223', 'EL222', 'EL221')"
-73.99635300025969,40.6248416672588,"('Street to Mahhattan-bound N',)","('EL738',)"
-73.99685724994863,40.62622446292219,"('Mezzanine to Coney Island-bound D', 'Mezzanine to Manhattan-bound D', 'Street to D mezzanine & Coney Island-bound N')","('EL741', 'EL740', 'EL739')"
-73.99804100117201,40.7459059993999,"('Street to downtown platform', 'Street to uptown platform')","('EL299', 'EL298')"
-73.99982638545937,40.7181738769739,"('Street to downtown 6', 'Street to uptown 6')","('EL325', 'EL324')"
-74.00019299927328,40.718803001077,"('Street to downtown 6', 'Street to uptown 6')","('EL325', 'EL324')"
-74.00020100063497,40.73782599972811,"('Mezzanine to uptown A/C/E', 'Mezzanine to downtown A/C/E', 'Street to mezzanine')","('EL223', 'EL222', 'EL221')"
-74.00049500225435,40.7323379977432,"('Uptown A/C/E to mezzanine & uptown B/D/F/M', 'Downtown A/C/E to mezzanine & downtown B/D/F/M', 'Street to A/C/E & B/D/F/M service')","('EL335', 'EL334', 'EL333')"
-74.00105471306033,40.71881426358713,"('Street to downtown 6', 'Street to uptown 6')","('EL325', 'EL324')"
-74.00168999937027,40.74089300019329,"('Mezzanine to uptown A/C/E', 'Mezzanine to downtown A/C/E', 'Street to mezzanine')","('EL223', 'EL222', 'EL221')"
-74.0018260000577,40.7194650010589,"('Street to downtown 6', 'Street to uptown 6')","('EL325', 'EL324')"
-74.00219709442206,40.7554463596159,"('Mezzanine to platform', 'Street to upper mezzanine', 'Upper to lower mezzanine', 'Upper to lower mezzanine')","('EL600', 'EL603', 'EL602', 'EL601')"
-74.00257800104762,40.7397766663819,"('Mezzanine to L platform', 'Street to Manhattan-bound platform', 'street to Coney Island-bound platform')","('EL224', 'EL753', 'EL752')"
-74.00340673031336,40.7132337896267,"('Street to mezzanine', 'Mezzanine to downtown platform', 'Mezzanine to uptown platform', 'Mezzanine to Broad St-bound J/Z', 'Mezzanine to Brooklyn-bound J/Z')","('EL336', 'EL338', 'EL337', 'EL743', 'EL742')"
-74.0041310005885,40.71306499943313,"('Street to mezzanine', 'Mezzanine to uptown 4/5/6', 'Mezzanine to downtown 4/5/6')","('EL314', 'EL316', 'EL315')"
-74.0062770001748,40.7228539977878,"('Street to downtown 6', 'Street to uptown 6')","('EL325', 'EL324')"
-74.00657099970202,40.7094159992586,"('2/3 platform to mezzanine ', 'Brooklyn-bound J/Z to A/C platform', 'Brooklyn-bound J/Z to A/C platform', 'Street to 2/3 mezzanine', 'Street to Broad St-bound J/Z', 'Broad St-bound J/Z to A/C platform', 'Mezzanine to uptown 4/5 & Brooklyn-bound J/Z', 'Street to downtown 4/5 & mezzanines', 'Street to uptown 4/5 & mezzanine', 'Mezzanine to downtown 4/5', 'Street to uptown 4/5')","('EL732', 'EL721', 'EL720', 'EL723', 'EL722', 'EL719', 'EL716', 'EL728X', 'EL717X', 'EL729X', 'EL718X')"
-74.00762309323994,40.7101621653018,"('2/3 platform to mezzanine ', 'Brooklyn-bound J/Z to A/C platform', 'Brooklyn-bound J/Z to A/C platform', 'Street to 2/3 mezzanine', 'Street to Broad St-bound J/Z', 'Broad St-bound J/Z to A/C platform', 'Mezzanine to uptown 4/5 & Brooklyn-bound J/Z', 'Street to downtown 4/5 & mezzanines', 'Street to uptown 4/5 & mezzanine', 'Mezzanine to downtown 4/5', 'Street to uptown 4/5')","('EL732', 'EL721', 'EL720', 'EL723', 'EL722', 'EL719', 'EL716', 'EL728X', 'EL717X', 'EL729X', 'EL718X')"
-74.00793800110387,40.7100226665842,"('2/3 platform to mezzanine ', 'Brooklyn-bound J/Z to A/C platform', 'Brooklyn-bound J/Z to A/C platform', 'Street to 2/3 mezzanine', 'Street to Broad St-bound J/Z', 'Broad St-bound J/Z to A/C platform', 'Mezzanine to uptown 4/5 & Brooklyn-bound J/Z', 'Street to downtown 4/5 & mezzanines', 'Street to uptown 4/5 & mezzanine', 'Mezzanine to downtown 4/5', 'Street to uptown 4/5')","('EL732', 'EL721', 'EL720', 'EL723', 'EL722', 'EL719', 'EL716', 'EL728X', 'EL717X', 'EL729X', 'EL718X')"
-74.00858473570133,40.71411100077402,"('Street to mezzanine', 'Mezzanine to downtown platform', 'Mezzanine to uptown platform', 'Mezzanine to Broad St-bound J/Z', 'Mezzanine to Brooklyn-bound J/Z')","('EL336', 'EL338', 'EL337', 'EL743', 'EL742')"
-74.00926600170112,40.7154780001132,"('Street to mezzanine', 'Mezzanine to downtown platform', 'Mezzanine to uptown platform', 'Mezzanine to Broad St-bound J/Z', 'Mezzanine to Brooklyn-bound J/Z')","('EL336', 'EL338', 'EL337', 'EL743', 'EL742')"
-74.00950899856461,40.71036799882213,"('2/3 platform to mezzanine ', 'Brooklyn-bound J/Z to A/C platform', 'Brooklyn-bound J/Z to A/C platform', 'Street to 2/3 mezzanine', 'Street to Broad St-bound J/Z', 'Broad St-bound J/Z to A/C platform', 'Mezzanine to uptown 4/5 & Brooklyn-bound J/Z', 'Street to downtown 4/5 & mezzanines', 'Street to uptown 4/5 & mezzanine', 'Mezzanine to downtown 4/5', 'Street to uptown 4/5')","('EL732', 'EL721', 'EL720', 'EL723', 'EL722', 'EL719', 'EL716', 'EL728X', 'EL717X', 'EL729X', 'EL718X')"
-74.00974461517701,40.7125639268081,"('Street to E train', 'Street to E train, balcony & Oculus')","('EL326', 'EL23X')"
-74.01113196473266,40.710512984152,"('Street to downtown 1', 'Mezzanine to downtown 1', 'Mezzanine to uptown 1', 'Fulton Center to downtown R/W', 'Fulton Center to uptown R/W', 'Street to downtown R/W', 'Downtown R/W to Fulton Center & Oculus', 'Downtown R/W to Fulton Center & Oculus', 'Street to uptown 1', 'Oculus to PATH & 1', 'Balcony to Oculus & PATH', 'Balcony to west concourse', 'Street to downtown R/W & Concourse')","('EL736', 'EL713', 'EL712', 'EL726X', 'EL727X', 'EL18X', 'EL17X', 'EL16X', 'EL14X', 'EL13X', 'EL12X', 'EL11X', 'EL22X')"
-74.01151599772157,40.63497099964716,"('Mezzanine to L platform', 'Street to Manhattan-bound platform', 'street to Coney Island-bound platform')","('EL224', 'EL753', 'EL752')"
-74.01218800112292,40.71183500082,"('Street to downtown 1', 'Mezzanine to downtown 1', 'Mezzanine to uptown 1', 'Fulton Center to downtown R/W', 'Fulton Center to uptown R/W', 'Street to downtown R/W', 'Downtown R/W to Fulton Center & Oculus', 'Downtown R/W to Fulton Center & Oculus', 'Street to uptown 1', 'Oculus to PATH & 1', 'Balcony to Oculus & PATH', 'Balcony to west concourse', 'Street to downtown R/W & Concourse')","('EL736', 'EL713', 'EL712', 'EL726X', 'EL727X', 'EL18X', 'EL17X', 'EL16X', 'EL14X', 'EL13X', 'EL12X', 'EL11X', 'EL22X')"
-74.01316895919258,40.70173050757447,"('Mezzanine to platform', 'Street to mezzanine for uptown service')","('EL731', 'EL730')"
-74.01400799803432,40.7049139992807,"('Street to uptown platform & mezzanine', 'Lower mezzanine to Brooklyn-bound platform')","('EL710', 'EL711')"
-74.01788099953987,40.641361666283,"('Mezzanine to Brooklyn-bound platform', 'Mezzanine to Manhattan-bound platform', 'Street to mezzanine')","('EL389', 'EL388', 'EL387')"
-74.0283979999864,40.6226866671502,"('Mezzanine to platform', 'Street to mezzanine', 'Street to uptown 6', 'Street to mezzanine', 'Mezzanine to platform')","('EL746', 'EL745', 'EL273', 'EL250', 'EL249')"
